Number,deleted,Level3Code,Name,deleteddate
,0,0,Not Specified,00:00.0
,0,2,Human Resources,00:00.0
,0,12,Industrial Engineering,00:00.0
,1,0,Not Specified,00:00.0
,1,2,Human Resources,00:00.0
,1,3,MIHCM Lite,00:00.0
,1,6,Customer Service,00:00.0
,1,9,Systems Engineering,00:00.0
,1,12,Industrial Engineering,00:00.0
,1,16,Database Administration,00:00.0
00001T,1,0,Not Specified,00:00.0
6498,1,0,Not Specified,00:00.0
6502,1,0,Not Specified,00:00.0
6506,1,12,Industrial Engineering,00:00.0
6510,1,0,Not Specified,00:00.0
6515,1,12,Industrial Engineering,00:00.0
6521,1,0,Not Specified,00:00.0
6537,1,0,Not Specified,00:00.0
6538,1,0,Not Specified,00:00.0
6539,1,0,Not Specified,00:00.0
6542,1,0,Not Specified,00:00.0
6551,1,0,Not Specified,00:00.0
6552,1,0,Not Specified,00:00.0
6553,1,0,Not Specified,00:00.0
6554,1,0,Not Specified,00:00.0
6557,1,0,Not Specified,00:00.0
6559,1,0,Not Specified,00:00.0
6562,1,0,Not Specified,00:00.0
6563,1,4,Feedback Management,00:00.0
6564,1,4,Feedback Management,00:00.0
6566,1,0,Not Specified,00:00.0
6567,1,0,Not Specified,00:00.0
6568,1,0,Not Specified,00:00.0
6569,1,0,Not Specified,00:00.0
6570,1,0,Not Specified,00:00.0
6572,1,0,Not Specified,00:00.0
6576,1,0,Not Specified,00:00.0
6583,1,0,Not Specified,00:00.0
6588,1,0,Not Specified,00:00.0
6589,1,0,Not Specified,00:00.0
6592,1,0,Not Specified,00:00.0
6603,1,0,Not Specified,00:00.0
6605,1,0,Not Specified,00:00.0
1111,1,0,Not Specified,00:00.0
280,1,0,Not Specified,00:00.0
4,1,12,Industrial Engineering,00:00.0
5,1,0,Not Specified,00:00.0
110,1,0,Not Specified,00:00.0
10001000,1,0,Not Specified,00:00.0
10001006,1,0,Not Specified,00:00.0
10001007,1,0,Not Specified,00:00.0
10001008,0,2,Human Resources,00:00.0
10001008,1,0,Not Specified,00:00.0
1010,1,0,Not Specified,00:00.0
111,0,12,Industrial Engineering,00:00.0
11122,1,0,Not Specified,00:00.0
123,1,0,Not Specified,00:00.0
12321,1,0,Not Specified,00:00.0
1234,1,0,Not Specified,00:00.0
12855,1,4,Feedback Management,00:00.0
12908,1,0,Not Specified,00:00.0
17199,1,0,Not Specified,00:00.0
17202,1,3,MIHCM Lite,00:00.0
17224,1,0,Not Specified,00:00.0
17277,1,0,Not Specified,00:00.0
181001,1,0,Not Specified,00:00.0
18551,1,0,Not Specified,00:00.0
18660,1,0,Not Specified,00:00.0
18710,1,2,Human Resources,00:00.0
18997,1,0,Not Specified,00:00.0
19000,0,2,Human Resources,00:00.0
19005,1,0,Not Specified,00:00.0
19005,1,2,Human Resources,00:00.0
19006,1,0,Not Specified,00:00.0
19016,1,0,Not Specified,00:00.0
19028,1,0,Not Specified,00:00.0
19244,1,0,Not Specified,00:00.0
19251,1,0,Not Specified,00:00.0
19266,1,0,Not Specified,00:00.0
19456,1,0,Not Specified,00:00.0
19460,1,0,Not Specified,00:00.0
19463,1,0,Not Specified,00:00.0
19472,1,3,MIHCM Lite,00:00.0
19500,1,2,Human Resources,00:00.0
19552,1,0,Not Specified,00:00.0
1SUM123,1,2,Human Resources,00:00.0
2211,1,0,Not Specified,00:00.0
256856,0,12,Industrial Engineering,00:00.0
256856,1,0,Not Specified,00:00.0
280229012,1,34,Production,00:00.0
285636,1,3,MIHCM Lite,00:00.0
36123,1,0,Not Specified,00:00.0
3636,1,0,Not Specified,00:00.0
4040,0,2,Human Resources,00:00.0
45,1,0,Not Specified,00:00.0
48695,1,0,Not Specified,00:00.0
5,1,0,Not Specified,00:00.0
5555,1,0,Not Specified,00:00.0
6395,1,0,Not Specified,00:00.0
6500,0,0,Not Specified,00:00.0
674563,1,0,Not Specified,00:00.0
678905,1,16,Database Administration,00:00.0
679,1,12,Industrial Engineering,00:00.0
968,1,0,Not Specified,00:00.0
A158,1,0,Not Specified,00:00.0
A657234,1,0,Not Specified,00:00.0
AA00005,1,5,Service Quality,00:00.0
AA00008,1,0,Not Specified,00:00.0
AKL001,1,0,Not Specified,00:00.0
AMT00897,1,0,Not Specified,00:00.0
ASD321123,1,0,Not Specified,00:00.0
asia001,0,2,Human Resources,00:00.0
ATT0157,0,2,Human Resources,00:00.0
ausi0002,1,0,Not Specified,00:00.0
ausi0004,1,0,Not Specified,00:00.0
BMIT78456,1,0,Not Specified,00:00.0
CCRD0039,0,2,Human Resources,00:00.0
CCRD0041,1,0,Not Specified,00:00.0
CCRD0042,1,0,Not Specified,00:00.0
CCRD0043,1,0,Not Specified,00:00.0
CCRD0044,1,0,Not Specified,00:00.0
CCRD0046,1,0,Not Specified,00:00.0
CCRD0049,0,2,Human Resources,00:00.0
DDRD053,1,0,Not Specified,00:00.0
DDRD056,1,0,Not Specified,00:00.0
DDRD058,1,0,Not Specified,00:00.0
E00006597,1,0,Not Specified,00:00.0
E00025,1,0,Not Specified,00:00.0
E1235,0,12,Industrial Engineering,00:00.0
E130,1,0,Not Specified,00:00.0
E154,1,0,Not Specified,00:00.0
E156,1,0,Not Specified,00:00.0
E345,1,0,Not Specified,00:00.0
EI6789,1,0,Not Specified,00:00.0
EI7456,1,0,Not Specified,00:00.0
EI789,1,0,Not Specified,00:00.0
EI7890,1,0,Not Specified,00:00.0
EI7893,1,0,Not Specified,00:00.0
EI89002,0,0,Not Specified,00:00.0
EI8907,1,0,Not Specified,00:00.0
EMP 13,1,0,Not Specified,00:00.0
EMP01,1,0,Not Specified,00:00.0
EMP0101,1,0,Not Specified,00:00.0
Emp0103,1,0,Not Specified,00:00.0
Emp0110,0,2,Human Resources,00:00.0
Emp0111,1,0,Not Specified,00:00.0
Emp0112,1,0,Not Specified,00:00.0
Emp0114,1,0,Not Specified,00:00.0
Emp0115,1,0,Not Specified,00:00.0
Emp0116,1,0,Not Specified,00:00.0
Emp0118,0,2,Human Resources,00:00.0
Emp0120,1,0,Not Specified,00:00.0
Emp0123,1,0,Not Specified,00:00.0
Emp0124,1,0,Not Specified,00:00.0
Emp0127,1,0,Not Specified,00:00.0
Emp0129,1,0,Not Specified,00:00.0
Emp0131,1,0,Not Specified,00:00.0
Emp0132,1,0,Not Specified,00:00.0
Emp0133,1,0,Not Specified,00:00.0
Emp0134,1,0,Not Specified,00:00.0
Emp0137,1,0,Not Specified,00:00.0
Emp0142,1,0,Not Specified,00:00.0
Emp0143,1,0,Not Specified,00:00.0
Emp0146,1,2,Human Resources,00:00.0
Emp0153,1,0,Not Specified,00:00.0
Emp0154,1,0,Not Specified,00:00.0
Emp0156,1,0,Not Specified,00:00.0
Emp0167,1,0,Not Specified,00:00.0
Emp0168,1,0,Not Specified,00:00.0
Emp0169,1,0,Not Specified,00:00.0
Emp0170,1,0,Not Specified,00:00.0
Emp0171,1,0,Not Specified,00:00.0
Emp0172,1,0,Not Specified,00:00.0
Emp0180,1,0,Not Specified,00:00.0
Emp0189,1,0,Not Specified,00:00.0
Emp0193,0,2,Human Resources,00:00.0
Emp0195,1,0,Not Specified,00:00.0
Emp0198,1,0,Not Specified,00:00.0
Emp0199,1,3,MIHCM Lite,00:00.0
Emp0200,0,2,Human Resources,00:00.0
Emp0201,1,0,Not Specified,00:00.0
Emp0203,1,4,Feedback Management,00:00.0
Emp0211,1,0,Not Specified,00:00.0
Emp0223,0,2,Human Resources,00:00.0
Emp0226,1,0,Not Specified,00:00.0
Emp0227,0,2,Human Resources,00:00.0
Emp0228,1,0,Not Specified,00:00.0
Emp0238,1,0,Not Specified,00:00.0
Emp0241,1,0,Not Specified,00:00.0
EMP025,1,0,Not Specified,00:00.0
Emp0254,1,2,Human Resources,00:00.0
EMP026,1,0,Not Specified,00:00.0
EMP027,1,0,Not Specified,00:00.0
EMP028,1,0,Not Specified,00:00.0
Emp0286,1,0,Not Specified,00:00.0
Emp0287,1,0,Not Specified,00:00.0
Emp0288,1,0,Not Specified,00:00.0
EMP029,1,0,Not Specified,00:00.0
Emp0290,1,0,Not Specified,00:00.0
Emp0291,1,0,Not Specified,00:00.0
Emp03,1,0,Not Specified,00:00.0
EMP030,1,0,Not Specified,00:00.0
EMP0303,0,2,Human Resources,00:00.0
EMP050,1,0,Not Specified,00:00.0
Emp06,1,0,Not Specified,00:00.0
Emp064,1,6,Customer Service,00:00.0
Emp101,1,0,Not Specified,00:00.0
Emp105,0,2,Human Resources,00:00.0
Emp106,1,0,Not Specified,00:00.0
Emp107,1,0,Not Specified,00:00.0
Emp108,1,0,Not Specified,00:00.0
Emp11,1,0,Not Specified,00:00.0
Emp116,1,0,Not Specified,00:00.0
Emp117,1,0,Not Specified,00:00.0
Emp118,1,0,Not Specified,00:00.0
Emp119,1,0,Not Specified,00:00.0
Emp12,1,0,Not Specified,00:00.0
Emp124,1,0,Not Specified,00:00.0
Emp125,0,2,Human Resources,00:00.0
Emp126,1,2,Human Resources,00:00.0
Emp127,1,0,Not Specified,00:00.0
Emp128,1,0,Not Specified,00:00.0
Emp129,1,0,Not Specified,00:00.0
EMP13,0,2,Human Resources,00:00.0
Emp132,1,0,Not Specified,00:00.0
Emp134,1,0,Not Specified,00:00.0
Emp135,1,0,Not Specified,00:00.0
Emp136,1,0,Not Specified,00:00.0
Emp137,1,0,Not Specified,00:00.0
Emp138,1,0,Not Specified,00:00.0
Emp139,1,0,Not Specified,00:00.0
Emp140,1,0,Not Specified,00:00.0
Emp141,1,0,Not Specified,00:00.0
Emp143,1,0,Not Specified,00:00.0
Emp150,1,0,Not Specified,00:00.0
Emp151,1,0,Not Specified,00:00.0
Emp152,1,0,Not Specified,00:00.0
Emp155,1,0,Not Specified,00:00.0
Emp156,1,0,Not Specified,00:00.0
Emp157,1,0,Not Specified,00:00.0
Emp158,1,0,Not Specified,00:00.0
Emp160,1,0,Not Specified,00:00.0
Emp165,1,9,Systems Engineering,00:00.0
Emp166,1,0,Not Specified,00:00.0
Emp167,1,0,Not Specified,00:00.0
Emp168,1,0,Not Specified,00:00.0
Emp174,0,2,Human Resources,00:00.0
Emp187,1,0,Not Specified,00:00.0
Emp188,1,0,Not Specified,00:00.0
Emp190,1,0,Not Specified,00:00.0
Emp200,0,2,Human Resources,00:00.0
Emp201,1,0,Not Specified,00:00.0
Emp203,0,2,Human Resources,00:00.0
Emp204,0,2,Human Resources,00:00.0
Emp205,1,0,Not Specified,00:00.0
Emp207,0,2,Human Resources,00:00.0
Emp210,0,2,Human Resources,00:00.0
Emp211,1,2,Human Resources,00:00.0
Emp400,1,0,Not Specified,00:00.0
Emp401,1,0,Not Specified,00:00.0
Emp402,1,0,Not Specified,00:00.0
Emp403,1,0,Not Specified,00:00.0
Emp404,1,0,Not Specified,00:00.0
Emp408,1,0,Not Specified,00:00.0
Emp410,1,0,Not Specified,00:00.0
Emp411,1,0,Not Specified,00:00.0
Emp412,1,0,Not Specified,00:00.0
Emp430,0,2,Human Resources,00:00.0
Emp440,1,2,Human Resources,00:00.0
Emp45,1,0,Not Specified,00:00.0
Emp46,1,0,Not Specified,00:00.0
Emp58,1,0,Not Specified,00:00.0
Emp65,1,0,Not Specified,00:00.0
Emp68,1,0,Not Specified,00:00.0
Emp69,1,0,Not Specified,00:00.0
Emp70,1,0,Not Specified,00:00.0
Emp71,1,0,Not Specified,00:00.0
Emp72,1,0,Not Specified,00:00.0
Emp73,1,0,Not Specified,00:00.0
Emp74,1,0,Not Specified,00:00.0
Emp76,1,0,Not Specified,00:00.0
Emp77,1,0,Not Specified,00:00.0
Emp78,1,0,Not Specified,00:00.0
Emp79,0,2,Human Resources,00:00.0
Emp80,1,0,Not Specified,00:00.0
Emp81,0,2,Human Resources,00:00.0
Emp83,1,9,Systems Engineering,00:00.0
Emp84,1,0,Not Specified,00:00.0
Emp85,1,0,Not Specified,00:00.0
Emp86,0,2,Human Resources,00:00.0
Emp87,1,0,Not Specified,00:00.0
Emp89,1,0,Not Specified,00:00.0
Emp90,1,0,Not Specified,00:00.0
Emp91,1,0,Not Specified,00:00.0
Emp92,1,0,Not Specified,00:00.0
Emp94,1,0,Not Specified,00:00.0
Emp98,1,0,Not Specified,00:00.0
Emp99,1,0,Not Specified,00:00.0
gfr678,1,0,Not Specified,00:00.0
HCM 2025,0,0,Not Specified,00:00.0
HCM_1213,1,0,Not Specified,00:00.0
HCM10088,1,0,Not Specified,00:00.0
HCM1020,1,2,Human Resources,00:00.0
HCM1234,1,0,Not Specified,00:00.0
HCM17125,1,0,Not Specified,00:00.0
HCM17282,1,0,Not Specified,00:00.0
HCM18329,1,0,Not Specified,00:00.0
HCM18350,1,0,Not Specified,00:00.0
HCM18359,1,0,Not Specified,00:00.0
HCM18405,1,0,Not Specified,00:00.0
HCM18406,0,0,Not Specified,00:00.0
HCM18433,1,0,Not Specified,00:00.0
HCM18436,0,0,Not Specified,00:00.0
HCM18491,1,0,Not Specified,00:00.0
HCM18498,1,0,Not Specified,00:00.0
HCM18499,1,0,Not Specified,00:00.0
HCM18504,1,7,data analys,00:00.0
HCM18546,1,0,Not Specified,00:00.0
HCM18605,0,0,Not Specified,00:00.0
HCM18613,1,0,Not Specified,00:00.0
HCM18636,1,0,Not Specified,00:00.0
HCM18637,1,0,Not Specified,00:00.0
HCM18651,1,0,Not Specified,00:00.0
HCM18721,1,0,Not Specified,00:00.0
HCM18767,1,0,Not Specified,00:00.0
HCM18917,1,0,Not Specified,00:00.0
HCM18965,1,0,Not Specified,00:00.0
HCM18965,1,2,Human Resources,00:00.0
HCM18969,1,0,Not Specified,00:00.0
HCM19101,1,0,Not Specified,00:00.0
HCM19112,1,0,Not Specified,00:00.0
HCM19193,1,0,Not Specified,00:00.0
HCM19194,1,2,Human Resources,00:00.0
HCM19212,1,2,Human Resources,00:00.0
HCM19326,1,0,Not Specified,00:00.0
HCM19397,1,0,Not Specified,00:00.0
HCM19404,1,0,Not Specified,00:00.0
HCM19560,1,0,Not Specified,00:00.0
HCM19572,1,0,Not Specified,00:00.0
HCM19574,1,0,Not Specified,00:00.0
HCM19617,1,0,Not Specified,00:00.0
HCM19628,1,0,Not Specified,00:00.0
HCM19638,1,0,Not Specified,00:00.0
HCM19651,0,2,Human Resources,00:00.0
HCM19660,1,2,Human Resources,00:00.0
HCM19672,1,0,Not Specified,00:00.0
HCM19800,0,0,Not Specified,00:00.0
HCM20222,1,0,Not Specified,00:00.0
HCM2023,1,0,Not Specified,00:00.0
HCM2024,1,0,Not Specified,00:00.0
HCM20250128,1,0,Not Specified,00:00.0
HCM202522,1,0,Not Specified,00:00.0
HCM2901,0,0,Not Specified,00:00.0
HCMDuplicate29,1,0,Not Specified,00:00.0
HCMSelf,1,0,Not Specified,00:00.0
HI89,1,0,Not Specified,00:00.0
ICTR345,1,12,Industrial Engineering,00:00.0
JI23,1,0,Not Specified,00:00.0
JIT001,1,0,Not Specified,00:00.0
JK48596,1,0,Not Specified,00:00.0
M000456,1,0,Not Specified,00:00.0
M001996,1,0,Not Specified,00:00.0
M0034,1,0,Not Specified,00:00.0
M00925,1,0,Not Specified,00:00.0
M009875,1,0,Not Specified,00:00.0
M89457,1,0,Not Specified,00:00.0
MA0023,1,12,Industrial Engineering,00:00.0
MAP 011,1,0,Not Specified,00:00.0
MAP 012,1,0,Not Specified,00:00.0
Map 02,1,0,Not Specified,00:00.0
MAP 04,1,0,Not Specified,00:00.0
MAP 05,1,0,Not Specified,00:00.0
MAP 10,1,0,Not Specified,00:00.0
Map 100,1,0,Not Specified,00:00.0
MAP 101,1,0,Not Specified,00:00.0
MAP 102,1,0,Not Specified,00:00.0
Map 11,1,0,Not Specified,00:00.0
MAP 12,1,0,Not Specified,00:00.0
MAP 14,1,0,Not Specified,00:00.0
MI0000999,0,0,Not Specified,00:00.0
MI0001,1,2,Human Resources,00:00.0
MI00011,1,0,Not Specified,00:00.0
MI0002,0,0,Not Specified,00:00.0
MI00028,1,0,Not Specified,00:00.0
MI0003,1,0,Not Specified,00:00.0
MI0003,1,12,Industrial Engineering,00:00.0
MI0004,1,0,Not Specified,00:00.0
MI0006,1,0,Not Specified,00:00.0
MI0007,1,6,Customer Service,00:00.0
MI0008,1,0,Not Specified,00:00.0
MI0010,1,0,Not Specified,00:00.0
MI002,1,14,DEVELOPMENT,00:00.0
MI0089,1,0,Not Specified,00:00.0
MI0097,1,0,Not Specified,00:00.0
MI01025,1,0,Not Specified,00:00.0
MI0103,0,12,Industrial Engineering,00:00.0
MI01031,0,12,Industrial Engineering,00:00.0
MI01031,1,3,MIHCM Lite,00:00.0
MI01034,1,0,Not Specified,00:00.0
MI01035,1,0,Not Specified,00:00.0
MI01036,1,0,Not Specified,00:00.0
MI01037,1,0,Not Specified,00:00.0
MI01075,1,0,Not Specified,00:00.0
MI0115,1,3,MIHCM Lite,00:00.0
MI013,1,0,Not Specified,00:00.0
MI0143,1,0,Not Specified,00:00.0
MI02,1,0,Not Specified,00:00.0
MI020,0,2,Human Resources,00:00.0
MI023,1,0,Not Specified,00:00.0
MI025,1,0,Not Specified,00:00.0
MI0260,1,0,Not Specified,00:00.0
MI0433,1,0,Not Specified,00:00.0
MI0472,0,2,Human Resources,00:00.0
MI0493,1,0,Not Specified,00:00.0
MI0495,1,0,Not Specified,00:00.0
MI0496,1,0,Not Specified,00:00.0
MI0498,1,0,Not Specified,00:00.0
MI0502,1,0,Not Specified,00:00.0
MI0505,1,4,Feedback Management,00:00.0
MI0508,0,0,Not Specified,00:00.0
MI0512,1,0,Not Specified,00:00.0
MI0513,1,0,Not Specified,00:00.0
MI0523,1,0,Not Specified,00:00.0
MI0612,1,0,Not Specified,00:00.0
MI0617,1,0,Not Specified,00:00.0
MI07000,0,2,Human Resources,00:00.0
MI079789,1,0,Not Specified,00:00.0
MI098,1,0,Not Specified,00:00.0
MI190,1,0,Not Specified,00:00.0
MI20241125Jos,1,4,Feedback Management,00:00.0
MI23,1,0,Not Specified,00:00.0
MI27,1,0,Not Specified,00:00.0
MI28,1,0,Not Specified,00:00.0
MI2804,1,0,Not Specified,00:00.0
MI29,0,0,Not Specified,00:00.0
MI30,0,0,Not Specified,00:00.0
MI30,1,0,Not Specified,00:00.0
MI30073,1,3,MIHCM Lite,00:00.0
MI30074,1,3,MIHCM Lite,00:00.0
MI301,1,0,Not Specified,00:00.0
MI30251,0,12,Industrial Engineering,00:00.0
MI3399,1,0,Not Specified,00:00.0
MI34,1,0,Not Specified,00:00.0
MI389,1,0,Not Specified,00:00.0
MI39,1,0,Not Specified,00:00.0
MI40,1,0,Not Specified,00:00.0
MI4567,1,0,Not Specified,00:00.0
MI4578,1,0,Not Specified,00:00.0
MI54271,1,0,Not Specified,00:00.0
MI56,1,0,Not Specified,00:00.0
MI67890,1,0,Not Specified,00:00.0
MI7568,1,0,Not Specified,00:00.0
MI7809,1,0,Not Specified,00:00.0
MI789,1,0,Not Specified,00:00.0
MI7892,1,0,Not Specified,00:00.0
MI78956,1,0,Not Specified,00:00.0
MI80090,1,0,Not Specified,00:00.0
MI89,1,0,Not Specified,00:00.0
MI890,1,0,Not Specified,00:00.0
MI8900,1,0,Not Specified,00:00.0
MI90,1,0,Not Specified,00:00.0
MI900,1,0,Not Specified,00:00.0
MI9001,1,0,Not Specified,00:00.0
MI90289,1,0,Not Specified,00:00.0
MI90678,1,0,Not Specified,00:00.0
MI908070,1,0,Not Specified,00:00.0
MI90890,1,0,Not Specified,00:00.0
MI9090,1,0,Not Specified,00:00.0
MI93728,1,0,Not Specified,00:00.0
MIB0000001,1,0,Not Specified,00:00.0
MID789,1,0,Not Specified,00:00.0
MIDA0024,1,0,Not Specified,00:00.0
MIDF00258,1,0,Not Specified,00:00.0
MIHCM90,1,0,Not Specified,00:00.0
MIHCM91,1,0,Not Specified,00:00.0
MIMS01,1,0,Not Specified,00:00.0
MIN700,1,0,Not Specified,00:00.0
MIN702,1,0,Not Specified,00:00.0
MINT00178,1,0,Not Specified,00:00.0
MIO0014,1,0,Not Specified,00:00.0
MIP0015,1,0,Not Specified,00:00.0
MIR0017,1,0,Not Specified,00:00.0
MIT 10051,0,0,Not Specified,00:00.0
MIT001,0,0,Not Specified,00:00.0
MIT001,1,0,Not Specified,00:00.0
MIT67845,1,0,Not Specified,00:00.0
MITANG101,1,2,Human Resources,00:00.0
MITM374,1,12,Industrial Engineering,00:00.0
MITM376,1,12,Industrial Engineering,00:00.0
MITM418,1,0,Not Specified,00:00.0
MITM428,1,12,Industrial Engineering,00:00.0
MITM437,1,0,Not Specified,00:00.0
MITM447,1,0,Not Specified,00:00.0
MITM448,1,0,Not Specified,00:00.0
MITM449,1,0,Not Specified,00:00.0
MITM450,1,0,Not Specified,00:00.0
MITM451,1,0,Not Specified,00:00.0
MITM452,1,0,Not Specified,00:00.0
MITM453,1,0,Not Specified,00:00.0
MITM454,1,0,Not Specified,00:00.0
MITM455,1,0,Not Specified,00:00.0
MITM463,1,0,Not Specified,00:00.0
MITM477,1,0,Not Specified,00:00.0
MRA01501,1,0,Not Specified,00:00.0
MYT070,1,0,Not Specified,00:00.0
nimehsa1021,0,0,Not Specified,00:00.0
PRE101,1,0,Not Specified,00:00.0
PRE104,1,2,Human Resources,00:00.0
PRE105,1,0,Not Specified,00:00.0
PRE106,1,0,Not Specified,00:00.0
PRE107,1,0,Not Specified,00:00.0
PRE108,1,0,Not Specified,00:00.0
PRE109,1,0,Not Specified,00:00.0
PRE110,1,6,Customer Service,00:00.0
PRE111,1,0,Not Specified,00:00.0
PRE113,1,0,Not Specified,00:00.0
PRE16,1,0,Not Specified,00:00.0
PRE19,1,0,Not Specified,00:00.0
PRE21,1,0,Not Specified,00:00.0
PRE22,1,0,Not Specified,00:00.0
PRE24,1,0,Not Specified,00:00.0
PRE25,1,0,Not Specified,00:00.0
PRE44,0,2,Human Resources,00:00.0
PRE45,0,2,Human Resources,00:00.0
PRE46,1,0,Not Specified,00:00.0
PRE56,1,0,Not Specified,00:00.0
PRE63,1,0,Not Specified,00:00.0
PRE64,1,0,Not Specified,00:00.0
PRE69,1,0,Not Specified,00:00.0
PRE71,1,3,MIHCM Lite,00:00.0
PRE76,1,3,MIHCM Lite,00:00.0
PRE78,1,0,Not Specified,00:00.0
PRE79,1,0,Not Specified,00:00.0
PRE80,0,2,Human Resources,00:00.0
PRE81,1,0,Not Specified,00:00.0
PRE82,1,0,Not Specified,00:00.0
PRE92,1,2,Human Resources,00:00.0
PRE96,1,0,Not Specified,00:00.0
PRE98,0,2,Human Resources,00:00.0
PRE99,0,2,Human Resources,00:00.0
prt456,1,0,Not Specified,00:00.0
s,0,2,Human Resources,00:00.0
Self1234,1,0,Not Specified,00:00.0
SELF34,1,0,Not Specified,00:00.0
SH678,1,0,Not Specified,00:00.0
TEmp0004,1,0,Not Specified,00:00.0
Temp0051,1,7,data analys,00:00.0
TEMP0101,1,0,Not Specified,00:00.0
TEMP025,1,0,Not Specified,00:00.0
TEMP026,1,0,Not Specified,00:00.0
TEMP028,1,0,Not Specified,00:00.0
TEMP048,1,0,Not Specified,00:00.0
Temp12,1,0,Not Specified,00:00.0
TEMP4562,0,2,Human Resources,00:00.0
Temp600,1,0,Not Specified,00:00.0
Temp601,1,0,Not Specified,00:00.0
Temp602,1,0,Not Specified,00:00.0
Temp604,1,0,Not Specified,00:00.0
Temp605,1,0,Not Specified,00:00.0
Temp608,1,0,Not Specified,00:00.0
Temp612,1,0,Not Specified,00:00.0
Temp613,1,0,Not Specified,00:00.0
Temp615,1,0,Not Specified,00:00.0
Temp616,1,0,Not Specified,00:00.0
Temp617,1,0,Not Specified,00:00.0
Temp618,1,0,Not Specified,00:00.0
Temp623,1,0,Not Specified,00:00.0
tempEmpLk017,1,0,Not Specified,00:00.0
tempEmpLk027,1,9,Systems Engineering,00:00.0
tempEmpLk034,1,12,Industrial Engineering,00:00.0
test0110,1,0,Not Specified,00:00.0
Test123,1,0,Not Specified,00:00.0
Y052,1,0,Not Specified,00:00.0
Y054,1,0,Not Specified,00:00.0
YI4576,1,0,Not Specified,00:00.0
